team,finals_games,q4_margin,finals_margin,opp_suppression,accuracy_hold,q4_margin_norm,finals_margin_norm,opp_suppression_norm,accuracy_hold_norm,pressure_rating
Hawthorn,2,5.0,11.5,18.5,6.9,83.33333333333334,77.21518987341773,94.92537313432837,95.53264604810995,87.75163559729735
Fremantle,4,3.8,-3.2,18.8,-4.6,78.33333333333333,40.0,95.82089552238806,56.01374570446735,67.54199364004718
Sydney,2,-13.0,20.5,18.5,-1.8,8.333333333333332,100.0,94.92537313432837,65.63573883161511,67.2236113248192
Carlton,2,2.5,-7.0,20.2,-2.6,72.91666666666666,30.37974683544304,100.0,62.88659793814433,66.54575286006352
Collingwood,1,9.0,-3.0,-13.3,8.2,100.0,40.50632911392405,0.0,100.0,60.12658227848101
Geelong,2,6.0,9.5,-3.6,-7.7,87.5,72.15189873417721,28.95522388059702,45.36082474226804,58.491986839260576
Brisbane Lions,4,-2.0,4.0,-10.1,2.4,54.166666666666664,58.22784810126582,9.552238805970152,80.06872852233677,50.50387052405985
Adelaide,2,5.0,-15.5,-10.3,1.1,83.33333333333334,8.860759493670885,8.955223880597014,75.60137457044675,44.187672819512
Western Bulldogs,2,-6.0,-9.5,-0.4,-5.3,37.5,24.050632911392405,38.507462686567166,53.608247422680414,38.41658575516
Melbourne,1,-15.0,-19.0,13.3,-20.9,0.0,0.0,79.40298507462687,0.0,19.850746268656717
